-- =====================================================
-- 爱宝贝儿 测试数据注入脚本
-- 数据库: aibaobei
-- =====================================================

USE aibaobei;

-- =====================================================
-- 1. 更新现有商品图片为测试图片URL
-- =====================================================
UPDATE product SET image = 'https://img95.699pic.com/photo/50161/9497.jpg_wh300.jpg!/fh/300/quality/90' WHERE image IS NULL OR image = '';
UPDATE product SET images = JSON_ARRAY('https://img95.699pic.com/photo/50161/9497.jpg_wh300.jpg!/fh/300/quality/90') WHERE images IS NULL OR images = '';
UPDATE service SET icon = 'https://img95.699pic.com/photo/50161/9497.jpg_wh300.jpg!/fh/300/quality/90' WHERE icon IS NULL OR icon = '';
UPDATE service SET images = JSON_ARRAY('https://img95.699pic.com/photo/50161/9497.jpg_wh300.jpg!/fh/300/quality/90') WHERE images IS NULL OR images = '';
UPDATE gift SET image = 'https://img95.699pic.com/photo/50161/9497.jpg_wh300.jpg!/fh/300/quality/90' WHERE image IS NULL OR image = '';
-- member 表无 avatar 字段，跳过

-- =====================================================
-- 2. 门店信息表 (store_info)
-- =====================================================
INSERT INTO store_info (name, address, phone, business_hours, latitude, longitude) VALUES
('爱宝贝儿总店', '北京市朝阳区建国路88号', '010-88886666', '09:00-21:00', 39.908722, 116.457489),
('爱宝贝儿西城店', '北京市西城区西单北大街120号', '010-66668888', '09:00-20:30', 39.913270, 116.374817),
('爱宝贝儿海淀店', '北京市海淀区中关村大街15号', '010-55558888', '10:00-21:30', 39.983612, 116.306519);

-- =====================================================
-- 3. 收货地址表 (addresses) - 每个会员3个地址
-- =====================================================
INSERT INTO addresses (user_id, name, phone, province, city, district, detail, is_default) VALUES
(1, '张三', '13800138001', '北京市', '北京市', '朝阳区', '建国路88号院1号楼1单元101', 1),
(1, '张三', '13800138001', '北京市', '北京市', '海淀区', '中关村南大街5号院2号楼301', 0),
(1, '李四', '13900139001', '上海市', '上海市', '浦东新区', '陆家嘴环路1000号', 0),
(2, '王五', '13800138002', '广东省', '广州市', '天河区', '体育西路111号', 1),
(2, '王五', '13800138002', '广东省', '深圳市', '南山区', '科技园南路88号', 0),
(2, '赵六', '13900139002', '浙江省', '杭州市', '西湖区', '文三路258号', 0),
(3, '孙七', '13800138003', '四川省', '成都市', '武侯区', '天府大道999号', 1),
(3, '孙七', '13800138003', '重庆市', '重庆市', '渝中区', '解放碑步行街66号', 0),
(3, '周八', '13900139003', '江苏省', '南京市', '鼓楼区', '中山北路200号', 0);

-- =====================================================
-- 4. 轮播图表 (banners)
-- =====================================================
INSERT INTO banners (title, image, link_type, link_id, sort_order, status) VALUES
('新店开业大促', 'https://img95.699pic.com/photo/50161/9497.jpg_wh300.jpg!/fh/300/quality/90', 'product', 33, 1, 1),
('奶粉特惠专场', 'https://img95.699pic.com/photo/50161/9497.jpg_wh300.jpg!/fh/300/quality/90', 'category', 2, 2, 1),
('婴儿推车限时折扣', 'https://img95.699pic.com/photo/50161/9497.jpg_wh300.jpg!/fh/300/quality/90', 'product', 47, 3, 1),
('满月照套餐上线', 'https://img95.699pic.com/photo/50161/9497.jpg_wh300.jpg!/fh/300/quality/90', 'service', 6, 4, 1),
('会员充值送好礼', 'https://img95.699pic.com/photo/50161/9497.jpg_wh300.jpg!/fh/300/quality/90', 'none', NULL, 5, 1);

-- =====================================================
-- 5. 礼品表 (gift)
-- =====================================================
INSERT INTO gift (name, points, stock, exchanged_count, image, description, status) VALUES
('婴儿湿巾大包装', 50, 200, 0, 'https://img95.699pic.com/photo/50161/9497.jpg_wh300.jpg!/fh/300/quality/90', '80抽*3包，温和无刺激', 'active'),
('儿童绘本套装', 100, 100, 0, 'https://img95.699pic.com/photo/50161/9497.jpg_wh300.jpg!/fh/300/quality/90', '经典童话故事5本装', 'active'),
('婴儿口水巾礼盒', 80, 150, 0, 'https://img95.699pic.com/photo/50161/9497.jpg_wh300.jpg!/fh/300/quality/90', '纯棉纱布口水巾6条装', 'active'),
('品牌奶瓶清洁刷', 30, 300, 0, 'https://img95.699pic.com/photo/50161/9497.jpg_wh300.jpg!/fh/300/quality/90', '硅胶材质，清洁彻底', 'active'),
('婴儿防晒帽', 60, 120, 0, 'https://img95.699pic.com/photo/50161/9497.jpg_wh300.jpg!/fh/300/quality/90', 'UPF50+防紫外线', 'active');

-- =====================================================
-- 6. 礼品兑换记录表 (exchange)
-- =====================================================
INSERT INTO exchange (order_no, member_id, member_nickname, gift_id, gift_name, gift_points, receiver_name, receiver_phone, receiver_address, status, exchange_time, complete_time) VALUES
('EX20260501001', 1, '张三', 1, '婴儿湿巾大包装', 50, '张三', '13800138001', '北京市朝阳区建国路88号', 'completed', '2026-04-25 10:00:00', '2026-04-28 14:00:00'),
('EX20260501002', 2, '王五', 2, '儿童绘本套装', 100, '王五', '13800138002', '广东省广州市天河区体育西路111号', 'completed', '2026-04-26 09:00:00', '2026-04-29 16:00:00'),
('EX20260501003', 3, '孙七', 4, '品牌奶瓶清洁刷', 30, '孙七', '13800138003', '四川省成都市武侯区天府大道999号', 'pending', '2026-04-30 15:00:00', NULL),
('EX20260501004', 1, '张三', 3, '婴儿口水巾礼盒', 80, '张三', '13800138001', '北京市朝阳区建国路88号', 'pending', '2026-04-30 20:00:00', NULL);

-- =====================================================
-- 7. 会员档位表 (member_tiers)
-- =====================================================
INSERT INTO member_tiers (name, amount, bonus, vip_level, points_bonus, sort_order) VALUES
('VIP1银卡', 500.00, 30.00, 'VIP1', 50, 1),
('VIP2金卡', 1000.00, 80.00, 'VIP2', 100, 2),
('VIP3钻卡', 2000.00, 200.00, 'VIP3', 200, 3),
('VIP4至尊卡', 5000.00, 600.00, 'VIP4', 500, 4);

-- =====================================================
-- 8. 充值档位表 (recharge_tier)
-- =====================================================
INSERT INTO recharge_tier (amount, bonus, sort) VALUES
(100.00, 5.00, 1),
(200.00, 15.00, 2),
(500.00, 50.00, 3),
(1000.00, 120.00, 4),
(2000.00, 300.00, 5);

-- =====================================================
-- 9. 充值记录表 (recharge)
-- =====================================================
INSERT INTO recharge (order_no, member_id, member_nickname, amount, bonus, total_amount, status, create_time, complete_time) VALUES
('RC20260401001', 1, '张三', 200.00, 15.00, 215.00, 'completed', '2026-04-01 10:00:00', '2026-04-01 10:05:00'),
('RC20260410001', 2, '王五', 500.00, 50.00, 550.00, 'completed', '2026-04-10 14:00:00', '2026-04-10 14:05:00'),
('RC20260415001', 3, '孙七', 1000.00, 120.00, 1120.00, 'completed', '2026-04-15 09:00:00', '2026-04-15 09:05:00'),
('RC20260420001', 1, '张三', 100.00, 5.00, 105.00, 'completed', '2026-04-20 16:00:00', '2026-04-20 16:05:00'),
('RC20260428001', 2, '王五', 200.00, 15.00, 215.00, 'completed', '2026-04-28 11:00:00', '2026-04-28 11:05:00'),
('RC20260430001', 3, '孙七', 500.00, 50.00, 550.00, 'pending', '2026-04-30 18:00:00', NULL);

-- =====================================================
-- 10. 购物车表 (cart_items)
-- =====================================================
INSERT INTO cart_items (user_id, product_id, package_id, quantity) VALUES
(1, 33, NULL, 2),
(1, 35, NULL, 1),
(1, 41, NULL, 3),
(2, 34, NULL, 1),
(2, 37, NULL, 2),
(2, 43, NULL, 1),
(3, 45, NULL, 1),
(3, 47, NULL, 1);

-- =====================================================
-- 11. 收藏表 (favorites)
-- =====================================================
INSERT INTO favorites (user_id, product_id) VALUES
(1, 33),
(1, 40),
(1, 47),
(2, 34),
(2, 36),
(2, 48),
(3, 39),
(3, 42),
(3, 46);

-- =====================================================
-- 12. 消息表 (messages) - 系统消息+用户消息
-- =====================================================
INSERT INTO messages (user_id, title, content, type, icon, is_read) VALUES
(0, '系统维护通知', '系统将于2026年5月2日凌晨进行维护升级，届时暂停服务2小时。', 'system', 'system', 0),
(0, '五一特惠活动', '五一期间全场商品9折优惠，快来选购吧！', 'activity', 'coupon', 0),
(1, '您的订单已发货', '订单ORD202604280001已发货，请注意查收。', 'order', 'order', 1),
(1, '积分兑换成功', '您已成功使用50积分兑换婴儿湿巾大包装。', 'system', 'points', 1),
(2, '充值到账通知', '您充值的500元已到账，当前余额550元。', 'system', 'recharge', 1),
(2, '预约确认通知', '您的婴儿洗浴服务预约已确认，请按时到店。', 'order', 'order', 0),
(3, '退款申请已批准', '您的退款申请ORD202604250003已被批准，退款将在3个工作日内到账。', 'system', 'refund', 0),
(3, '生日特惠', '亲爱的会员，祝您生日快乐！本月消费享双倍积分。', 'activity', 'birthday', 0);

-- =====================================================
-- 13. 操作日志表 (operation_log)
-- =====================================================
INSERT INTO operation_log (admin_id, admin_name, action, description, ip, create_time) VALUES
(1, 'admin', 'login', '管理员登录系统', '127.0.0.1', '2026-05-01 08:00:00'),
(1, 'admin', 'add_product', '添加商品：原神奶粉', '127.0.0.1', '2026-05-01 09:00:00'),
(1, 'admin', 'update_banner', '更新轮播图排序', '127.0.0.1', '2026-05-01 10:00:00'),
(1, 'admin', 'process_refund', '批准退款申请RC004', '127.0.0.1', '2026-05-01 11:00:00'),
(1, 'admin', 'send_message', '发送系统通知：五一特惠活动', '127.0.0.1', '2026-05-01 13:00:00'),
(1, 'admin', 'update_setting', '修改积分设置', '127.0.0.1', '2026-05-01 14:00:00'),
(1, 'admin', 'login', '管理员登录系统（移动端）', '192.168.1.100', '2026-05-01 16:00:00');

-- =====================================================
-- 14. 积分商品表 (points_products)
-- =====================================================
INSERT INTO points_products (name, image, points, stock, status) VALUES
('品牌婴儿湿巾80抽', 'https://img95.699pic.com/photo/50161/9497.jpg_wh300.jpg!/fh/300/quality/90', 50, 300, 1),
('儿童早教绘本套装', 'https://img95.699pic.com/photo/50161/9497.jpg_wh300.jpg!/fh/300/quality/90', 100, 150, 1),
('婴儿纯棉口水巾6条装', 'https://img95.699pic.com/photo/50161/9497.jpg_wh300.jpg!/fh/300/quality/90', 80, 200, 1),
('儿童益智拼图', 'https://img95.699pic.com/photo/50161/9497.jpg_wh300.jpg!/fh/300/quality/90', 120, 100, 1),
('品牌硅胶奶瓶刷', 'https://img95.699pic.com/photo/50161/9497.jpg_wh300.jpg!/fh/300/quality/90', 30, 400, 1),
('婴儿防晒遮阳帽', 'https://img95.699pic.com/photo/50161/9497.jpg_wh300.jpg!/fh/300/quality/90', 60, 150, 1);

-- =====================================================
-- 15. 积分兑换记录表 (points_exchanges)
-- =====================================================
INSERT INTO points_exchanges (user_id, product_id, points, address_id, status) VALUES
(1, 1, 50, 1, 'completed'),
(2, 2, 100, 4, 'completed'),
(1, 3, 80, 1, 'pending'),
(3, 5, 30, 7, 'completed'),
(2, 6, 60, 5, 'pending');

-- =====================================================
-- 16. 积分记录表 (points_record)
-- =====================================================
INSERT INTO points_record (member_id, member_nickname, type, type_detail, points, balance, remark) VALUES
(1, '张三', 'earn', '注册赠送', 100, 100, '新会员注册赠送积分'),
(2, '王五', 'earn', '注册赠送', 100, 100, '新会员注册赠送积分'),
(3, '孙七', 'earn', '注册赠送', 100, 100, '新会员注册赠送积分'),
(1, '张三', 'earn', '签到', 10, 110, '每日签到获得积分'),
(1, '张三', 'earn', '消费返利', 20, 130, '购买商品消费返积分'),
(1, '张三', 'exchange', '兑换支出', -50, 80, '兑换婴儿湿巾消耗积分'),
(2, '王五', 'earn', '签到', 10, 110, '每日签到获得积分'),
(2, '王五', 'earn', '消费返利', 50, 160, '购买商品消费返积分'),
(2, '王五', 'exchange', '兑换支出', -100, 60, '兑换绘本套装消耗积分'),
(3, '孙七', 'earn', '签到', 10, 110, '每日签到获得积分'),
(3, '孙七', 'earn', '消费返利', 100, 210, '购买商品消费返积分');

-- =====================================================
-- 17. 商品套餐表 (product_packages)
-- =====================================================
INSERT INTO product_packages (product_id, name, price, stock) VALUES
(33, '单罐装', 199.00, 200),
(33, '三罐优惠装', 569.00, 80),
(33, '六罐超值装', 1099.00, 50),
(34, '单罐装', 268.00, 150),
(34, '双罐装', 520.00, 100),
(35, '大包装(120片)', 89.00, 500),
(35, '超大包装(240片)', 169.00, 300),
(47, '基础款', 599.00, 50),
(47, '豪华款', 899.00, 30);

-- =====================================================
-- 18. 秒杀商品表 (seckill_products)
-- =====================================================
INSERT INTO seckill_products (product_id, seckill_price, stock, start_time, end_time, status) VALUES
(33, 159.00, 50, '2026-05-01 10:00:00', '2026-05-01 12:00:00', 1),
(36, 79.00, 100, '2026-05-02 10:00:00', '2026-05-02 12:00:00', 1),
(41, 59.00, 80, '2026-05-01 14:00:00', '2026-05-01 16:00:00', 1),
(47, 399.00, 20, '2026-05-03 10:00:00', '2026-05-03 12:00:00', 1),
(45, 69.00, 60, '2026-05-02 14:00:00', '2026-05-02 16:00:00', 0);

-- =====================================================
-- 19. 签到记录表 (signin_record) - 最近30天的签到
-- =====================================================
INSERT INTO signin_record (member_id, member_nickname, signin_date, points) VALUES
(1, '张三', '2026-04-01', 10),
(1, '张三', '2026-04-02', 10),
(1, '张三', '2026-04-03', 10),
(1, '张三', '2026-04-04', 15),
(1, '张三', '2026-04-05', 10),
(1, '张三', '2026-04-06', 10),
(1, '张三', '2026-04-07', 10),
(1, '张三', '2026-04-08', 20),
(1, '张三', '2026-04-09', 10),
(1, '张三', '2026-05-01', 50),
(2, '王五', '2026-04-01', 10),
(2, '王五', '2026-04-02', 10),
(2, '王五', '2026-04-03', 10),
(2, '王五', '2026-04-04', 15),
(2, '王五', '2026-04-05', 10),
(2, '王五', '2026-05-01', 50),
(3, '孙七', '2026-04-01', 10),
(3, '孙七', '2026-04-02', 10),
(3, '孙七', '2026-04-03', 10),
(3, '孙七', '2026-05-01', 50);

SELECT '✅ 测试数据注入完成！' AS message;